Country,Indicator,1995,1996,1997,1998,1999,2000,2001,2002,2003,2004,2005,2006,2007,2008,2009,2010,2011,2012,2013,2014,2015,2016,2017,2018,2019,2020,2021
Albania,Total(thousands),304,287,119,184,371,317,354,470,557,645,748,937,"1,127","1,420","1,856","2,417","2,932","3,514","3,256","3,673","4,131","4,736","5,118","5,927","6,406","2,658","5,689"
Albania,Overnight(thousands),,,,,,,,,,,,,"1,062","1,247","1,711","2,191","2,469","3,156","2,857","3,341","3,784","4,070","4,643","5,340","6,128","2,604","5,515"
Albania,OneDay(thousands),,,,,,,,,,,,,65,83,64,52,67,71,220,127,162,507,293,587,278,54,174
Algeria,Total(thousands),520,605,635,678,749,866,901,988,"1,166","1,234","1,443","1,638","1,743","1,772","1,912","2,070","2,395","2,634","2,733","2,301","1,710","2,039","2,451","2,657","2,371",591,125
Angola,Overnight(thousands),9,21,45,52,45,51,67,91,107,194,210,121,195,294,366,425,481,528,650,595,592,397,261,218,218,64,64
Antigua and Barbuda,Total(thousands),447,498,526,570,560,634,624,528,623,769,712,838,935,863,944,788,848,819,777,771,894,874,"1,040","1,064","1,035",276,250
Antigua and Barbuda,Overnight(thousands),220,228,240,234,232,207,215,218,239,246,245,254,262,266,234,230,241,247,243,249,250,265,247,269,301,125,169
Antigua and Barbuda,OneDay(thousands),227,270,286,336,328,427,409,310,384,523,467,584,673,597,710,558,607,572,534,522,644,609,793,795,734,151,81
Antigua and Barbuda,Cruise(thousands),227,270,286,336,328,427,409,310,384,523,467,584,673,597,710,558,607,572,534,522,644,609,793,795,734,151,81
Argentina,Total(thousands),,,,,,,,,,,,,,,,,,,,,,"9,986","9,964","10,394","11,131","3,096",460
Argentina,Overnight(thousands),"2,289","2,614","2,764","3,012","2,898","2,909","2,620","2,820","2,995","3,457","3,823","4,173","4,562","4,700","4,308","6,800","6,703","6,497","6,510","7,165","6,816","6,668","6,711","6,942","7,399","2,090",297
Argentina,OneDay(thousands),,,,,,,,,,,,,,,,,,,,,,"3,318","3,253","3,452","3,732","1,007",163
Armenia,Overnight(thousands),12,13,23,32,41,45,123,162,206,263,319,382,511,558,575,684,758,963,"1,084","1,204","1,192","1,260","1,495","1,652","1,894",375,870
Australia,Total(thousands),"3,726","4,165","4,318","4,167","4,459","4,931","4,856","4,841","4,746","5,215","5,499","5,532","5,644","5,586","5,490","5,790","5,771","6,032","6,482","6,922","7,449","8,269","8,815","9,246","9,466","1,828",246
Australia,Overnight(thousands),,,,"3,825","4,109","4,530","4,435","4,420","4,354","4,774","5,020","5,064",,,,,,,,,,,,,,,
Australia,OneDay(thousands),,,,342,34,37,41,43,30,23,26,35,,,,,,,,,,,,,,,
Austria,Overnight(thousands),"17,173","17,090","16,647","17,352","17,467","17,982","18,180","18,611","19,078","19,374","19,952","20,269","20,773","21,935","21,355","22,004","23,012","24,151","24,813","25,291","26,728","28,121","29,460","30,816","31,884","15,091","12,728"
Azerbaijan,Total(thousands),93,210,306,483,602,681,767,834,"1,038","1,279","1,177","1,194","1,333","1,899","1,830","1,963","2,239","2,484","2,509","2,298","2,006","2,249","2,697","2,850","3,170",796,792
Azerbaijan,Overnight(thousands),,,,,,,,576,768,989,693,682,732,"1,043","1,005","1,280","1,562","1,986","2,130","2,160","1,922","2,044","2,454","2,633","2,876",587,
Azerbaijan,OneDay(thousands),,,,,,,,258,270,290,484,512,601,856,825,683,677,498,379,138,84,204,243,216,294,209,
"Bahamas, The",Total(thousands),"3,239","3,416","3,446","3,348","3,648","4,204","4,183","4,406","4,594","5,004","4,779","4,731","4,601","4,394","4,645","5,255","5,588","5,940","6,151","6,320","6,112","6,265","6,136","6,622","7,250","1,795","2,101"
"Bahamas, The",Overnight(thousands),"1,598","1,633","1,618","1,528","1,577","1,544","1,538","1,513","1,505","1,561","1,625","1,613","1,538","1,469","1,336","1,378","1,355","1,431","1,377","1,444","1,496","1,499","1,452","1,633","1,807",441,891
"Bahamas, The",OneDay(thousands),"1,640","1,785","1,828","1,820","2,071","2,660","2,645","2,893","3,089","3,443","3,154","3,118","3,063","2,925","3,309","3,877","4,233","4,509","4,774","4,876","4,616","4,766","4,684","4,990","5,444","1,354","1,210"
"Bahamas, The",Cruise(thousands),"1,543","1,686","1,751","1,730","1,981","2,513","2,552","2,802","2,970","3,360","3,079","3,079","2,971","2,861","3,256","3,810","4,161","4,434","4,709","4,805","4,513","4,690","4,626","4,878","5,433","1,327","1,115"
Bahrain,Total(thousands),"2,311","1,988","2,600","2,898","3,280","3,869","4,388","4,831","4,844","5,667","6,313","7,289","7,833","8,631","8,861","11,952","6,732","8,062","9,163","10,452","9,670","10,158","11,374","12,045","11,061","1,909","3,612"
Bahrain,Overnight(thousands),"1,396","1,201","1,611","1,640","2,019","2,420","2,789","3,167","2,955","3,514","3,914","4,519","4,935",,,,,,,,"3,964","3,990","4,373","4,366","3,849",827,"2,182"
Bahrain,OneDay(thousands),915,787,989,"1,258","1,261","1,449","1,599","1,664","1,889","2,153","2,399","2,770","2,898",,,,,,,,"5,706","6,168","7,001","7,678","7,212","1,082","1,430"
Bahrain,Cruise(thousands),,,,,,,,,,,,,,,,,,,,,40,56,69,81,134,51,7
Bangladesh,Overnight(thousands),156,166,182,172,173,199,207,207,245,271,208,200,289,467,267,139,157,160,104,134,126,182,237,267,323,182,135
Barbados,Total(thousands),927,957,990,"1,019",947,"1,078","1,035","1,021","1,090","1,273","1,111","1,102","1,191","1,165","1,154","1,197","1,187","1,053","1,079","1,079","1,179","1,227","1,345","1,356",966,546,240
Barbados,Overnight(thousands),442,447,472,512,515,545,507,498,531,552,548,563,575,568,519,532,568,536,509,521,592,632,664,680,523,207,144
Barbados,OneDay(thousands),485,510,518,507,433,533,528,523,559,721,563,539,616,597,635,665,619,517,570,558,587,595,681,676,443,338,96
Barbados,Cruise(thousands),485,510,518,507,433,533,528,523,559,721,563,539,616,597,635,665,619,517,570,558,587,595,681,676,443,338,96
Belarus,Total(thousands),,,,,,"2,030","1,852","1,907","1,729","1,816","4,738","5,276","5,283","5,262","4,872","5,674","5,877","6,130","6,242","5,375","4,386","10,935","11,060","11,502","11,832","3,598","3,361"
Belarus,Overnight(thousands),,,,363,315,262,221,209,229,239,253,292,368,477,512,677,783,993,"1,003","1,080",966,"1,929","2,000","2,142","2,201",577,787
Belarus,OneDay(thousands),,,,,,,,,,,,,,,,,,,,,175,96,136,198,228,47,27
Belgium,Overnight(thousands),"5,560","5,829","6,037","6,179","6,369","6,457","6,452","6,720","6,690","6,710","6,747","6,995","7,045","7,165","6,815","7,186","7,494","7,560","7,684","7,887","8,355","7,481","8,385","9,119","9,343","2,584","3,243"
Belize,Total(thousands),342,349,305,300,340,374,385,694,999,"1,329","1,037",903,880,846,941,"1,054","1,106","1,028","1,022","1,289","1,299","1,391","1,441","1,697","1,674",487,437
Belize,Overnight(thousands),131,133,146,176,181,196,196,200,221,231,237,247,251,245,232,242,250,277,294,321,341,386,427,489,503,144,219
Belize,OneDay(thousands),211,216,159,124,159,178,189,494,778,"1,098",800,656,629,601,709,812,856,751,728,968,958,"1,005","1,014","1,208","1,171",343,218
Belize,Cruise(thousands),8,1,3,14,34,58,48,320,575,851,800,656,624,597,705,779,735,641,677,968,958,"1,005","1,014","1,208","1,171",343,210
Benin,Total(thousands),580,516,541,575,941,"1,068","1,155",853,850,845,960,975,"1,010","1,027",,,222,232,252,265,279,292,307,322,337,354,
Benin,Overnight(thousands),138,143,148,152,80,96,88,72,175,174,176,180,186,188,190,199,209,220,231,242,255,267,281,295,309,325,
Benin,OneDay(thousands),,,,,,,,,,,,,,,,,11,12,21,23,24,25,26,27,28,29,
Benin,Cruise(thousands),,,,,,,,,,,,,,,,,1,2,6,7,8,9,11,12,13,14,
Bhutan,Overnight(thousands),5,5,5,6,7,8,6,6,6,9,14,17,21,28,23,41,66,105,116,133,155,210,255,274,316,30,0.001
Bolivia,Overnight(thousands),284,313,355,387,342,319,316,334,427,480,524,521,573,594,599,679,711,798,798,871,882,961,"1,109","1,142","1,239",323,180
Bosnia and Herzegovina,Overnight(thousands),,,115,148,147,171,139,160,165,190,217,256,306,322,311,365,392,439,529,536,678,778,923,"1,053","1,198",197,502
Botswana,Total(thousands),636,656,765,940,"1,039","1,306","1,451","1,485","1,592","1,727","1,684","1,642","1,965","2,344",,,,,,,"1,660","1,712","1,775","1,830",,358,
Botswana,Overnight(thousands),521,512,607,750,843,"1,104","1,193","1,274","1,406","1,523","1,474","1,426","1,736","2,101","1,721","1,973",,"1,614","1,544","1,966","1,528","1,574","1,623","1,655",,329,
Botswana,OneDay(thousands),115,144,158,190,196,202,257,211,187,204,210,216,229,243,,,,,,,132,138,152,176,,30,
Brazil,Overnight(thousands),"1,991","2,666","2,850","4,818","5,107","5,313","4,773","3,785","4,133","4,794","5,358","5,017","5,026","5,050","4,802","5,161","5,433","5,677","5,813","6,430","6,306","6,547","6,589","6,621","6,353","2,146",746
Brunei Darussalam,Total(thousands),498,837,643,964,967,984,840,891,944,,815,836,877,,,,,,,,,"4,257","4,316","4,521","4,449","1,071",110
Brunei Darussalam,Overnight(thousands),,,,,,,,,,119,126,158,179,226,157,214,242,209,225,201,218,219,259,278,333,62,4
Brunei Darussalam,OneDay(thousands),,,,,,,,,,,,,,,,,,,,,,25,11,19,15,2,
Brunei Darussalam,Cruise(thousands),,,,,,,,,,,4,1,,,,,,,,,,25,11,19,15,2,
Bulgaria,Total(thousands),"8,005","6,811","7,543","5,240","5,056","4,922","5,104","5,563","6,241","6,982","7,282","7,499","7,726","8,533","7,873","8,374","8,713","8,867","9,192","9,409","9,317","10,604","11,596","12,368","12,552","4,973","7,188"
Bulgaria,Overnight(thousands),"3,466","2,795","2,980","2,667","2,472","2,785","3,186","3,433","4,048","4,630","4,837","5,158","5,151","5,780","5,739","6,047","6,328","6,541","6,898","7,311","7,099","8,252","8,883","9,273","7,775","1,290","2,300"
Bulgaria,OneDay(thousands),"4,539","4,016","4,563","2,573","2,584","2,137","1,918","2,130","2,193","2,352","2,445","2,341","2,574","2,753","2,134","2,327","2,385","2,326","2,294","2,098","2,218","2,352","2,713","3,095","4,777","3,683","4,888"
Burkina Faso,Overnight(thousands),124,131,138,160,117,126,128,150,163,222,245,264,289,272,269,274,238,237,218,191,163,152,143,144,143,67,106
Burundi,Overnight(thousands),34,27,11,15,26,29,36,74,74,133,148,214,192,202,212,142,144,147,234,235,131,187,299,,,,
Cabo Verde,Overnight(thousands),28,37,45,52,67,115,134,126,150,157,198,242,267,285,287,336,428,482,503,494,520,598,668,710,758,180,135
Cambodia,Overnight(thousands),220,260,219,287,368,466,605,787,701,"1,055","1,422","1,700","2,015","2,125","2,162","2,508","2,882","3,584","4,210","4,503","4,775","5,012","5,602","6,201","6,611","1,306",196
Cameroon,Total(thousands),,,,,,,,,,,,451,477,487,498,573,604,817,783,822,897,994,"1,081",997,"1,021",,
Cameroon,Overnight(thousands),100,145,232,247,262,277,221,226,,190,176,,,480,495,569,600,812,,,,,,,,,
Cameroon,OneDay(thousands),,,,,,,,,,,,,,7,3,4,4,5,,,,,,,,,
Cameroon,Cruise(thousands),,,,,,,,,,,,,,1,2,1,1,1,,,,,,,,,
Canada,Total(thousands),"41,657","43,256","45,076","48,064","49,055","48,638","47,147","44,896","38,903","38,845","36,160","33,390","30,373","27,370","24,696","25,621","25,066","25,318","25,167","25,558","27,555","30,142","31,081","31,274","32,430","5,068","4,282"
Canada,Overnight(thousands),"16,932","17,286","17,669","18,870","19,411","19,627","19,679","20,057","17,534","19,145","18,771","18,265","17,935","17,142","15,737","16,219","16,016","16,344","16,059","16,537","17,977","19,971","20,883","21,134","22,145","2,960","3,062"
Canada,OneDay(thousands),"24,725","25,971","27,407","29,194","29,644","29,011","27,468","24,839","21,369","19,700","17,389","15,125","12,438","10,228","8,959","9,402","9,050","8,974","9,108","9,021","9,578","10,171","10,198","10,140","10,284","2,108","1,220"
Canada,Cruise(thousands),317,369,424,454,544,636,,,,,,,,,,,,,,,,,801,910,"1,066",1,1
Central African Republic,Overnight(thousands),26,21,17,8,10,11,10,3,6,8,12,14,17,31,52,54,65,71,84,96,121,82,107,109,87,35,
Chad,Total(thousands),58,67,77,89,93,94,175,149,101,106,59,,,,,,,,,,,,,,,,
Chad,Overnight(thousands),19,20,27,41,46,43,57,32,21,26,29,46,77,61,70,71,77,86,97,119,120,98,87,77,79,11,40
Chile,Total(thousands),,,,,,,,,,,,,,"3,713","3,657","3,584","3,963","4,397","4,457","4,601","5,487","6,712","7,621","6,603","5,431","1,311",192
Chile,Overnight(thousands),"1,540","1,450","1,644","1,759","1,632","1,742","1,723","1,412","1,614","1,785","2,027","2,253","2,507","2,710","2,760","2,801","3,137","3,554","3,576","3,674","4,478","5,641","6,450","5,723","4,518","1,119",190
Chile,OneDay(thousands),,,,,,,781,802,876,"1,019",959,957,741,"1,003",897,784,826,843,881,926,"1,009","1,072","1,171",880,913,191,2
China,Total(thousands),"46,387","51,128","57,588","63,478","72,796","83,444","89,013","97,908","91,662","109,038","120,292","124,942","131,873","130,027","126,476","133,762","135,423","132,405","129,078","128,499","133,820","141,774","153,260","158,606","162,538","30,402",
China,Overnight(thousands),"20,034","22,765","23,770","25,073","27,047","31,229","33,167","36,803","32,970","41,761","46,809","49,913","54,720","53,049","50,875","55,664","57,581","57,725","55,686","55,622","56,886","59,270","60,740","62,900","65,725","7,967",
Colombia,Total(thousands),"1,433",751,758,823,725,707,788,661,668,840,981,"2,096","2,381","2,545","2,649","1,701","2,356","2,434","2,595","2,866","3,371","3,675","4,056","4,397","4,531","1,396","2,174"
Colombia,Overnight(thousands),"1,399",631,639,674,546,557,616,567,625,791,933,"2,045","2,254","2,317","2,364","1,405","2,043","2,180","2,288","2,552","3,099","3,370","3,712","4,020","4,169","1,262","2,155"
Colombia,OneDay(thousands),34,120,119,149,179,150,172,94,43,49,48,51,127,228,285,296,313,254,307,314,272,306,345,378,362,134,19
Colombia,Cruise(thousands),34,120,119,149,179,150,172,94,43,49,48,51,127,228,285,296,313,254,307,314,272,306,345,378,362,134,19
Comoros,Overnight(thousands),23,24,26,27,24,24,19,19,21,23,26,29,15,15,11,15,19,23,22,23,24,27,28,36,45,7,29
"Congo, Rep.",Total(thousands),,,,,,,,,,,,,,,,199,224,259,345,229,224,213,151,158,,,
"Congo, Rep.",Overnight(thousands),37,39,27,20,14,19,27,22,23,31,35,46,55,62,94,194,218,256,343,226,220,211,149,156,,,
"Congo, Rep.",OneDay(thousands),,,,,,,,,,,,,,,,5,6,3,2,3,4,2,2,2,,,
"Congo, Dem. Rep.",Total(thousands),85,,,,,,,,,,,,,,,,197,,,,,,,,,,
"Congo, Dem. Rep.",Overnight(thousands),35,37,30,53,80,103,55,28,35,36,61,55,47,50,53,81,186,167,191,334,354,351,,,,,
"Congo, Dem. Rep.",OneDay(thousands),50,,,,20,20,20,20,20,,,,,,,,11,,,,,,,,,,
Costa Rica,Total(thousands),924,940,"1,013","1,167","1,267","1,278","1,320","1,335","1,514","1,771","1,959","2,071","2,302","2,409","2,309","2,495","2,526","2,542","2,641","2,760","2,899","3,204","3,231","3,313","3,366","1,147","1,375"
Costa Rica,Overnight(thousands),785,781,811,943,"1,032","1,088","1,131","1,113","1,239","1,453","1,679","1,725","1,980","2,089","1,923","2,100","2,192","2,343","2,428","2,527","2,660","2,925","2,960","3,017","3,139","1,012","1,347"
Costa Rica,OneDay(thousands),139,159,201,224,235,190,189,222,275,318,280,346,322,320,386,395,334,199,213,233,239,279,271,296,227,135,28
Costa Rica,Cruise(thousands),139,159,201,224,235,190,189,222,275,318,280,346,322,320,386,395,334,199,213,233,239,279,271,296,227,135,28
Côte d'Ivoire,Total(thousands),188,237,274,301,,,,,,,,,182,205,231,252,270,289,380,471,"1,441","1,583","1,800","1,965","2,070",668,576
Croatia,Total(thousands),"16,100","19,085","23,660","25,499","29,215","37,226","40,129","41,737","42,857","44,974","45,762","47,733","52,271","51,336","47,573","49,006","49,969","47,185","48,345","51,168","55,858","57,587","59,238","57,668","60,021","21,608","34,123"
Croatia,Overnight(thousands),"1,485","2,914","4,178","4,499","3,805","5,831","6,544","6,944","7,409","7,912","7,743","7,988","8,559","8,665","8,694","9,111","9,927","10,369","10,948","11,623","12,683","13,809","15,593","16,645","17,353","5,545","10,641"
Cyprus,Total(thousands),"2,253","2,089","2,194","2,357","2,578","2,912","2,841","2,495","2,416","2,478","2,657","2,629","2,671","2,631","2,370","2,450","2,626","2,635","2,626","2,558","2,780","3,286","3,750","4,024","4,117",,
Cyprus,Overnight(thousands),"2,100","1,950","2,088","2,223","2,434","2,686","2,697","2,418","2,303","2,349","2,470","2,401","2,416","2,404","2,141","2,173","2,392","2,465","2,405","2,441","2,659","3,187","3,652","3,939","3,977",632,"1,937"
Cyprus,OneDay(thousands),153,139,106,134,143,226,144,77,113,129,187,228,255,227,229,277,234,170,221,147,121,100,98,85,140,,
Cyprus,Cruise(thousands),39,41,55,75,77,135,106,59,93,119,176,220,246,221,225,271,216,163,207,135,108,85,77,62,112,8,21
Czechia,Total(thousands),,,,,,,,,"20,108","23,808","24,747","25,102","22,625","21,850","23,285","21,941","22,810","25,750","26,332","27,166","29,604","32,519","34,701","36,268","37,202","10,267",
Czechia,Overnight(thousands),"3,381","4,558","4,976","5,482","5,610","4,773","5,405","4,743","7,641","9,047","9,404","9,539","9,370","9,373","8,848","8,629","9,019","10,123","10,300","10,649","11,619","12,808","13,665","14,283","14,651","3,919",
Czechia,OneDay(thousands),,,,,,,,,"12,467","14,761","15,343","15,564","13,255","12,477","14,437","13,312","13,792","15,627","16,032","16,518","17,985","19,711","21,036","21,986","22,551","6,347",
Denmark,Total(thousands),,,,,,,,,"21,119","22,054","26,927","26,936","27,138","26,870","26,571","26,730","25,811","26,402","26,516","28,070","28,209","28,692","30,736","30,801","32,101","16,066","18,405"
Denmark,Overnight(thousands),,"2,125","2,158","2,073","2,023","3,535","3,684","3,436","3,474","4,421","9,178","9,256","9,284","9,016","8,547","8,744","7,864","8,443","8,557","10,267","10,424","10,781","12,426","12,749","14,761","6,264","7,588"
Denmark,OneDay(thousands),,,,,,,,,"17,645","17,633","17,749","17,680","17,854","17,854","18,024","17,986","17,947","17,959","17,959","17,803","17,785","17,911","18,310","18,052","18,340","9,802","10,817"
Denmark,Cruise(thousands),,,,,,363,404,193,305,293,409,374,548,548,718,681,607,619,619,470,445,571,647,711,990,1,39
Djibouti,Overnight(thousands),21,20,20,21,21,20,22,23,23,26,30,40,40,54,58,51,56,60,63,,,,133,142,167,75,114
Dominica,Total(thousands),203,261,299,312,280,312,276,208,254,466,381,465,437,468,608,595,418,348,311,370,358,356,230,199,322,140,66
Dominica,Overnight(thousands),60,63,65,66,74,70,66,69,73,80,79,84,81,81,75,77,76,79,78,82,75,78,72,63,90,22,15
Dominica,OneDay(thousands),143,198,234,246,206,242,210,139,181,387,303,381,356,387,533,519,342,269,233,289,283,278,158,136,232,118,51
Dominica,Cruise(thousands),135,193,231,245,202,240,208,137,177,384,302,380,355,386,532,518,341,267,231,287,281,277,157,134,230,118,51
Dominican Republic,Total(thousands),"1,806","2,037","2,482","2,702","2,932","3,161","3,090","3,058","3,680","3,907","3,981","4,268","4,365","4,455","4,489","4,478","4,654","4,901","5,114","5,576","6,129","6,769","7,296","7,551","7,550","2,748","5,327"
Dominican Republic,Overnight(thousands),"1,776","1,926","2,211","2,309","2,649","2,978","2,882","2,811","3,282","3,450","3,691","3,965","3,980","3,980","3,992","4,125","4,306","4,563","4,690","5,141","5,600","5,959","6,188","6,569","6,446","2,405","4,994"
Dominican Republic,OneDay(thousands),30,111,271,393,283,183,208,247,398,457,290,303,385,475,497,353,348,338,424,435,529,809,"1,108",982,"1,104",343,333
Dominican Republic,Cruise(thousands),30,111,271,393,283,183,208,247,398,457,290,303,385,475,497,353,348,338,424,435,529,809,"1,108",982,"1,104",343,333
Ecuador,Total(thousands),440,494,529,511,518,627,641,683,761,819,860,841,937,"1,005",968,"1,047","1,141","1,272","1,364","1,695","1,676","1,569","1,806","2,535","2,108",507,669
"Egypt, Arab Rep.",Total(thousands),"3,133","3,896","3,961","3,454","4,797","5,506","4,648","5,192","6,044","8,104","8,608","9,083","11,091","12,835","12,536","14,731","9,845","11,532","9,464","9,878","9,328","5,399","8,292","11,346","13,026","3,677",
"Egypt, Arab Rep.",Overnight(thousands),"2,871","3,528","3,656","3,213","4,490","5,116","4,357","4,906","5,746","7,795","8,244","8,646","10,610","12,296","11,914","14,051","9,497","11,196","9,174","9,628","9,139","5,258","8,157","11,196","12,876",,
"Egypt, Arab Rep.",OneDay(thousands),262,368,305,241,307,390,291,286,298,309,363,437,481,540,622,680,348,336,290,249,189,141,136,150,151,,
El Salvador,Total(thousands),,,,,,867,804,885,798,"1,030","1,306","1,501","1,720","1,875","1,482","1,606","1,634","1,738","1,822","1,886","1,973","2,052","2,247","2,536","2,639",707,"1,436"
El Salvador,Overnight(thousands),235,283,387,542,658,795,735,798,720,951,"1,127","1,279","1,339","1,385","1,091","1,150","1,184","1,255","1,283","1,345","1,402","1,434","1,556","1,677","1,766",549,"1,219"
El Salvador,OneDay(thousands),,,,,,72,69,87,78,79,179,222,381,490,391,456,450,483,539,541,571,618,691,858,873,217,217
Eritrea,Total(thousands),315,417,410,188,57,70,113,101,80,87,83,78,81,70,79,84,107,129,141,119,114,142,,,,,
Estonia,Total(thousands),"2,111","2,444","2,618","2,909","3,181","3,310","3,230","3,253","3,378",,,,,"3,828","3,834","4,369","4,907","5,007","5,737","5,804","5,696","5,942","6,145","6,033","6,103","1,695","1,310"
Estonia,Overnight(thousands),530,665,730,825,950,"1,220","1,320","1,362","1,462","1,750","1,917","1,940","1,900","2,222","2,180","2,511","2,823","2,957","3,111","3,160","2,961","3,131","3,244","3,226","3,336","1,023",808
Estonia,OneDay(thousands),"1,580","1,779","1,889","2,084","2,231","2,090","1,910","1,891","1,916",285,307,313,295,"1,606","1,654","1,858","2,084","2,050","2,626","2,644","2,735","2,811","2,901","2,807","2,766",673,502
Estonia,Cruise(thousands),37,44,50,92,106,109,132,118,175,285,307,313,295,378,416,392,436,425,509,470,506,510,564,638,660,,
Eswatini,Total(thousands),,"1,337","1,635",986,"1,253","1,151","1,312","1,371","1,543",,"1,182","1,200","1,230","1,186","1,344","1,343","1,328","1,278","1,299","1,325","1,256","1,279","1,343","1,277","1,226",345,211
Eswatini,Overnight(thousands),300,315,269,284,289,281,283,256,461,459,837,873,869,756,908,868,879,888,968,939,873,947,921,782,680,194,170
Eswatini,OneDay(thousands),,,,,,,,,,,345,327,361,430,436,475,449,390,331,386,383,332,422,496,546,152,40
Ethiopia,Overnight(thousands),103,109,139,112,115,136,148,156,180,184,227,330,358,383,427,468,523,597,681,770,864,871,933,849,812,271,518
Fiji,Total(thousands),476,534,547,499,544,434,446,461,451,513,547,,542,627,605,692,734,741,769,781,869,963,"1,027","1,058",969,168,
Fiji,Overnight(thousands),318,340,359,371,410,294,348,398,431,504,545,549,540,585,542,632,675,661,659,693,755,792,843,870,894,147,32
Fiji,OneDay(thousands),158,194,188,128,134,140,98,63,20,9,2,,2,42,63,60,59,80,110,88,114,171,184,188,75,21,
Fiji,Cruise(thousands),18,17,12,18,14,10,7,6,20,9,2,,2,42,63,60,59,80,110,88,114,171,184,188,75,21,
Finland,Total(thousands),,,,"3,432","3,363","3,789","4,252","4,687","4,527","4,854","5,038","5,345","5,736","6,072","5,695","6,182","7,260","7,636",,,,,,,,,
Finland,Overnight(thousands),"1,779","1,724","1,832","2,644","2,454","2,714","2,826","2,875","2,601","2,840","3,140","3,375","3,519","3,583","3,423","3,670","4,192","4,226","2,797","2,731","2,622","2,789","3,180","3,224","3,290",896,807
Finland,OneDay(thousands),,,,788,909,"1,075","1,426","1,812","1,926","2,014","1,898","1,970","2,217","2,489","2,272","2,512","3,068","3,410",,,,,,,,,
France,Total(thousands),,"148,263","157,551",,,,,,,"190,282","185,829","193,882","193,319","193,571","192,369","189,826","196,595","197,522","204,410","206,599","203,302","203,042","207,274","211,998","217,877","117,109","141,297"
France,Overnight(thousands),"60,033","62,406","66,591","70,109","73,147","77,190","75,202","77,012","75,048","74,433","74,988","77,916","80,853","79,218","76,764","76,647","80,499","81,980","83,634","83,701","84,452","82,682","86,758","89,322","90,914","41,684","48,395"
France,OneDay(thousands),,"85,857","90,960",,,,,,,"115,849","110,841","115,966","112,466","114,353","115,605","113,179","116,096","115,543","120,776","122,898","118,851","120,360","120,516","122,676","126,963","75,424","92,902"
Gabon,Total(thousands),203,217,247,274,262,230,236,269,234,351,526,,,,,,,,,,,,,,,,
Gabon,Overnight(thousands),125,145,167,195,178,155,169,208,222,244,269,,,,,,,,,,,,,,,,
Gabon,OneDay(thousands),75,70,75,72,76,70,65,60,12,107,257,,,,,,,,,,,,,,,,
Gabon,Cruise(thousands),3,2,5,7,8,5,2,1,,,,,,,,,,,,,,,,,,,
"Gambia, The",Total(thousands),,,,,,,,,,459,460,613,487,643,,,,,,,,,,,,,
"Gambia, The",Overnight(thousands),45,77,85,91,96,79,57,81,89,90,108,125,143,147,142,91,106,157,171,156,449,450,522,552,620,246,332
Georgia,Total(thousands),85,117,313,317,384,387,302,298,313,368,560,983,"1,052","1,290","1,500","2,032","2,712","4,106","4,954","5,004","5,256","5,393","6,483","7,203","7,726","1,513","1,721"
Georgia,Overnight(thousands),,,,,,,,,,,,,,,,"1,067","1,833","2,460","2,884","2,939","3,012","3,297","4,069","4,757","5,080","1,087","1,577"
Georgia,OneDay(thousands),,,,,,,,,,,,,,,,965,879,"1,646","2,070","2,065","2,244","2,096","2,414","2,446","2,645",426,144
Germany,Overnight(thousands),"14,847","15,205","15,837","16,511","17,116","18,983","17,861","17,969","18,399","20,137","21,500","23,569","24,421","24,884","24,220","26,875","28,374","30,411","31,545","32,999","34,970","35,555","37,452","38,881","39,563","12,449","11,688"
Ghana,Overnight(thousands),286,305,325,348,373,399,439,483,531,584,429,497,587,698,803,931,821,903,994,825,897,933,969,956,"1,130",355,624
Greece,Total(thousands),"10,712","9,782","10,588","11,364","12,606","13,567","14,678","14,918","14,785","14,268","15,938","17,284",,,,,,,"20,112","24,272","26,114","28,071","30,161","33,072","34,005","7,406","15,246"
Greece,Overnight(thousands),"10,130","9,233","10,070","10,916","12,164","13,096","14,057","14,180","13,969","13,313","14,765","16,039","16,165","15,939","14,915","15,007","16,427","15,518","17,920","22,033","23,599","24,799","27,194","30,123","31,348","7,374","14,705"
Greece,OneDay(thousands),582,549,518,448,442,472,621,738,815,955,"1,173","1,245",,,,,,,"2,192","2,239","2,515","3,271","2,967","2,949","2,656",31,541
Greece,Cruise(thousands),582,549,518,448,442,472,621,738,815,955,"1,173","1,245",,,,,,,"2,192","2,239","2,515","3,271","2,967","2,949","2,656",31,541
Grenada,Total(thousands),369,386,368,392,379,316,277,271,294,370,380,342,406,428,460,445,447,370,327,387,437,474,468,529,526,217,72
Grenada,Overnight(thousands),108,108,111,116,125,129,123,132,142,134,99,119,130,130,114,110,118,125,128,150,155,156,168,186,188,54,47
Grenada,OneDay(thousands),261,278,257,276,254,187,154,139,152,236,281,224,275,298,346,335,328,245,199,237,282,318,300,343,338,163,25
Grenada,Cruise(thousands),250,267,247,266,246,180,147,135,147,230,275,219,270,293,343,333,310,243,197,235,281,315,299,343,338,163,25
Guatemala,Total(thousands),563,520,576,636,823,826,835,884,880,"1,182","1,316","1,502","1,628","1,715","1,311","1,384","1,434","1,491","1,516","1,739","1,865","1,906","2,120","2,406","2,560",594,666
Guatemala,Overnight(thousands),,,,,,,,,,,,,"1,448","1,527","1,055","1,119","1,160","1,200","1,224","1,371","1,473","1,585","1,667","1,781","1,752",396,602
Guatemala,OneDay(thousands),,,,,,,,,,11,18,35,179,188,256,264,275,291,291,368,392,321,454,625,807,198,64
Guatemala,Cruise(thousands),,,,,,,,,,11,18,35,42,63,81,72,72,73,72,71,77,104,129,150,131,42,4
Guinea,Total(thousands),,,,,,,,,,,,47,,,,,,,,,,,,,,,
Guinea,Overnight(thousands),,12,17,23,27,33,38,43,44,45,45,46,30,24,,12,131,96,56,33,35,63,99,,,,
Guinea-Bissau,Overnight(thousands),,,,,,,8,,,,5,12,16,18,16,22,37,35,36,36,44,45,50,55,52,,
Guyana,Overnight(thousands),106,92,76,66,75,105,99,104,101,122,117,113,134,130,141,152,157,177,200,206,207,235,247,287,315,87,158
Haiti,Total(thousands),370,400,387,393,386,445,499,482,518,385,480,558,868,758,826,793,946,959,"1,064","1,128","1,190","1,153","1,262","1,333",938,322,148
Haiti,Overnight(thousands),145,150,149,147,143,140,142,140,136,96,112,108,386,258,387,255,349,349,420,465,516,445,467,447,286,203,148
Haiti,OneDay(thousands),225,250,238,246,243,305,357,342,382,289,368,450,482,500,439,538,597,610,644,662,674,708,795,885,652,119,0
Haiti,Cruise(thousands),225,250,238,246,243,305,357,342,382,289,368,450,482,500,439,538,597,610,644,662,674,708,795,885,652,119,0
Honduras,Total(thousands),,271,310,324,428,689,672,788,887,"1,026","1,118","1,136","1,309","1,561","1,589","1,965","1,852","1,903","1,857","2,082","2,093","2,228","2,144","2,323","2,315",669,826
Honduras,Overnight(thousands),271,263,307,321,371,471,518,550,611,641,673,739,804,869,836,863,871,895,863,868,880,838,850,847,724,204,459
Honduras,OneDay(thousands),,8,3,3,57,218,154,239,276,385,445,398,505,693,754,"1,103",980,"1,009",994,"1,214","1,212","1,390","1,294","1,477","1,590",465,367
Honduras,Cruise(thousands),,8,3,3,57,218,154,125,162,267,277,205,297,434,430,803,787,655,708,943,918,"1,053","1,104","1,289","1,395",393,314
"Hong Kong SAR, China",Total(thousands),"10,200","12,974","11,273","10,160","11,328","13,059","13,725","16,566","15,537","21,811","23,359","25,251","28,169","29,507","29,591","36,030","41,921","48,615","54,299","60,839","59,308","56,655","58,472","65,148","55,913","3,569",91
"Hong Kong SAR, China",Overnight(thousands),,,,"7,137","7,837","8,814","8,878","10,689","9,676","13,655","14,773","15,821","17,154","17,319","16,926","20,085","22,316","23,770","25,661","27,770","26,686","26,553","27,884","29,263","23,752","1,359",89
"Hong Kong SAR, China",OneDay(thousands),5,7,8,"3,023","3,492","4,246","4,847","5,878","5,861","8,156","8,586","9,430","11,015","12,187","12,665","15,945","19,605","24,845","28,638","33,068","32,622","30,102","30,588","35,885","32,160","2,210",2
"Hong Kong SAR, China",Cruise(thousands),5,7,8,11,8,9,9,13,4,9,19,20,27,27,44,48,40,39,23,34,37,109,97,112,123,10,
Hungary,Total(thousands),"39,240","39,833","37,315","33,624","28,803","31,141","30,679","31,739","31,412","33,934","36,173","38,318","39,379","39,554","40,624","39,904","41,304","43,565","43,611","45,984","48,345","52,890","54,962","57,667","61,397","31,641","36,688"
Hungary,Overnight(thousands),"2,878","2,979","2,887","2,871","2,789","2,992","3,070","3,013","2,948","12,212","9,979","9,259","8,638","8,814","9,058","9,510","10,250","10,353","10,624","12,140","14,316","15,255","15,785","17,552","16,937","7,417","7,929"
Hungary,OneDay(thousands),,,,,,,,,,"21,722","26,194","29,059","30,741","30,740","31,565","30,394","31,054","33,212","32,987","33,844","34,029","37,635","39,176","40,115","44,460","24,224","28,758"
Hungary,Cruise(thousands),,,,,,,,,,518,428,232,179,,,,,,,,,,,,,,
Iceland,Total(thousands),211,223,223,255,281,328,329,315,348,405,429,477,539,561,563,559,628,765,900,"1,102","1,389","1,891","2,353","2,488","2,202",488,717
Iceland,Overnight(thousands),190,201,202,232,263,303,301,285,317,360,374,422,485,502,494,489,566,673,807,997,"1,289","1,792","2,225","2,344","2,013",486,698
Iceland,OneDay(thousands),21,22,21,23,18,25,28,30,31,45,55,55,54,59,69,70,63,92,92,105,100,99,128,145,189,1,19
Iceland,Cruise(thousands),21,22,21,23,18,25,28,30,31,45,55,55,54,59,69,70,63,92,92,105,100,99,128,145,189,1,19
India,Total(thousands),"2,143","2,308","2,395","2,382","2,508","2,677","2,591","2,428","2,774","3,512","4,038","4,626","5,244","5,373","5,295","5,881",,,,,,,"15,543","17,423","17,914","6,337","7,010"
India,Overnight(thousands),"2,124","2,288","2,374","2,359","2,482","2,649","2,537","2,384","2,726","3,457","3,919","4,447","5,082","5,283","5,168","5,776","6,309","6,578","6,968","13,107","13,284","14,570",,,"17,754","6,291","6,989"
India,OneDay(thousands),19,20,21,23,26,28,54,44,48,55,119,179,162,90,127,105,,,,,,,,,160,46,21
India,Cruise(thousands),19,20,21,23,26,28,54,44,48,55,119,179,162,90,127,105,,,,,,,,,13,2,1
Indonesia,Total(thousands),"4,324","5,034","5,185","4,606","4,728","5,064","5,153","5,033","4,467","5,321","5,002","4,871","5,506","6,234","6,324","7,003","7,650","8,044","8,802","9,435","10,407","11,519","14,040","15,810","16,107","4,053","1,558"
Indonesia,Overnight(thousands),,,,,,,,,,,,,,,,,,,,,"9,963","11,072","12,948","13,396","15,455","3,915","1,546"
Indonesia,OneDay(thousands),,,,,,,,,,,,,,,,,,,,,444,447,"1,092","2,414",652,137,11
Indonesia,Cruise(thousands),,,,,,,,,,,,,,,,,,,,,,,,,,,
"Iran, Islamic Rep.",Total(thousands),452,573,764,"1,008","1,321","1,342","1,402","1,585","1,546","1,659","1,889","2,735","2,219","2,034","2,116","2,938","3,354","3,834","4,769","4,968","5,237","4,942","4,867","7,295","9,107","1,550",989
"Iran, Islamic Rep.",Overnight(thousands),,,,,,,,,,,,,,,,,,,,,,,,,,,882
"Iran, Islamic Rep.",OneDay(thousands),,,,,,,,,,,,,,,,,,,,,,,,,,,107
Iraq,Total(thousands),61,51,15,45,30,78,127,,,,,,,864,"1,262","1,518","1,510","1,111",892,,,,,,,,
Ireland,Overnight(thousands),"4,818","5,289","5,587","6,064","6,403","6,646","6,353","6,476","6,764","6,953","7,333","8,001","8,332","8,026","7,189","7,134","7,630","7,550","8,260","8,813","9,528","10,100","10,338","10,926","10,951",,
Ireland,OneDay(thousands),,245,336,364,344,345,344,305,334,349,367,424,422,551,479,439,489,478,595,776,894,"1,157","1,205","1,340","1,450",,
Israel,Total(thousands),"2,530","2,360","2,295","2,200","2,566","2,672","1,219",862,,"1,506","1,916","1,834","2,294","3,034","2,740","3,444","3,362","3,520","3,540","3,251","3,109","3,070","3,863","4,389","4,905",887,402
Israel,Overnight(thousands),"2,215","2,100","2,010","1,942","2,312","2,417","1,196",862,"1,063","1,506","1,903","1,825","2,067","2,572","2,321","2,803","2,820","2,886","2,962","2,927","2,799","2,900","3,613","4,121","4,552",831,397
Israel,OneDay(thousands),318,260,285,258,254,255,23,0.3,,0.2,13,9,227,462,418,641,542,635,578,324,309,170,250,269,353,56,6
Israel,Cruise(thousands),318,260,285,258,254,255,23,0.3,,0.2,13,9,26,46,68,169,237,251,257,88,95,75,54,46,94,12,
Italy,Total(thousands),"55,706","59,805","57,998","58,499","59,521","62,702","60,960","63,561","63,026","58,480","59,230","66,353","70,271","70,719","71,692","73,225","75,866","76,293","76,762","77,694","81,068","84,925","89,931","93,229","95,399","38,419","40,186"
Italy,Overnight(thousands),"31,052","34,080","34,692","34,933","36,516","41,181","39,563","39,799","39,604","37,071","36,513","41,058","43,654","42,734","43,239","43,626","46,119","46,360","47,704","48,576","50,732","52,372","58,253","61,567","64,513","25,190","26,888"
Italy,OneDay(thousands),"24,654","25,726","23,306","23,567","23,005","21,522","21,397","23,762","23,422","21,409","22,717","25,295","26,617","27,985","28,453","29,599","29,747","29,933","29,058","29,118","30,336","32,552","31,678","31,661","30,886","13,229","13,298"
Jamaica,Total(thousands),"1,752","1,821","1,904","1,899","2,013","2,230","2,117","2,131","2,483","2,515","2,615","3,016","2,880","2,859","2,753","2,832","3,077","3,306","3,274","3,504","3,692","3,837","4,276","4,319","4,234","1,330","1,535"
Jamaica,Overnight(thousands),"1,147","1,162","1,192","1,225","1,248","1,323","1,277","1,266","1,350","1,415","1,479","1,679","1,701","1,767","1,831","1,922","1,952","1,986","2,008","2,080","2,123","2,182","2,353","2,473","2,681",880,"1,464"
Jamaica,OneDay(thousands),605,658,712,674,764,908,840,865,"1,133","1,100","1,136","1,337","1,180","1,092",922,910,"1,125","1,320","1,265","1,424","1,569","1,656","1,923","1,846","1,553",449,71
Jamaica,Cruise(thousands),605,658,712,674,764,908,840,865,"1,133","1,100","1,136","1,337","1,180","1,092",922,910,"1,125","1,320","1,265","1,424","1,569","1,656","1,923","1,846","1,553",449,71
Japan,Total(thousands),"3,345","3,837","4,218","4,106","4,438","4,757","4,772","5,239","5,212","6,138","6,728","7,334","8,347","8,351","6,790","8,611","6,219","8,358","10,364","13,413","19,737","24,039","28,691","31,191","31,881","4,116",246
Jordan,Total(thousands),"3,277","3,164","3,068","3,438","3,231","2,700","3,034","4,677","4,600","5,587","5,817","6,573","6,529","7,100","7,085","8,078","6,813","6,314","5,389","5,327","4,809","4,236","4,565","4,922","5,361","1,240","2,359"
Jordan,Overnight(thousands),"1,075","1,106","1,132","1,772","1,790","1,580","1,672","2,384","2,353","2,853","2,987","3,225","3,431","3,729","3,789","4,207","3,960","4,162","3,945","3,990","3,761","3,567","3,844","4,150","4,488","1,067","2,012"
Jordan,OneDay(thousands),7,16,15,"1,666","1,441","1,120","1,362","2,293","2,247","2,734","2,831","3,348","3,098","3,372","3,295","3,871","2,853","2,152","1,444","1,337","1,048",669,722,772,872,173,347
Jordan,Cruise(thousands),7,16,15,12,10,10,11,4,3,9,26,41,45,32,41,74,72,85,96,36,34,56,56,74,95,5,12
Kazakhstan,Total(thousands),,202,284,257,394,"1,683","2,693","3,678","3,237","4,291","4,365","4,707","5,311","4,117","3,774","4,097","5,685","6,163","6,841","6,333","6,430","6,509","7,701","8,789","8,515","2,035","1,330"
Kazakhstan,Overnight(thousands),,,,,,"1,471","1,845","2,832","2,410","3,073","3,143","3,468","3,876","3,005","2,755","2,991","4,093","4,437","4,926","4,560",,,,,,,
Kazakhstan,OneDay(thousands),,,,,,212,848,846,827,"1,218","1,222","1,239","1,435","1,112","1,019","1,106","1,592","1,726","1,915","1,773",,,,,,,
Kenya,Total(thousands),974,"1,003","1,001",894,969,"1,037",994,"1,001","1,146","1,361","1,479","1,601","1,817","1,203","1,490","1,609","1,823","1,711","1,520","1,350","1,181","1,340","1,449","2,025","2,049",568,870
Kenya,Overnight(thousands),918,947,928,792,862,899,841,838,927,"1,199","1,399","1,464","1,686","1,141","1,392","1,470","1,750","1,619","1,434","1,261","1,114","1,268","1,364",,,,
Kenya,OneDay(thousands),56,56,72,102,107,138,153,163,219,162,80,137,131,62,98,139,73,92,86,89,66,72,85,,,,
Kiribati,Total(thousands),,,,,20,13,15,120,130,64,50,11,32,,,,,,,8.3,8.2,7.6,7.5,9,12,,
Kiribati,Overnight(thousands),3.9,4.2,5.1,5.7,5.1,4.8,4.6,4.9,4.9,3.4,4.1,4.4,4.7,3.9,3.9,4.7,5.3,4.9,5.9,5,3.9,5.7,5.8,7.1,7.9,1.4,0.1
Kiribati,OneDay(thousands),,,,,15,9,10,115,125,61,46,6,28,,,,,,,3.3,4.3,1.9,1.7,1.9,4.1,,
Kiribati,Cruise(thousands),,,,,15,9,10,115,125,61,46,6,28,,,,,,,,,,,,,,
"Korea, Rep.",Total(thousands),"3,753","3,684","3,908","4,250","4,660","5,322","5,147","5,347","4,753","5,818","6,023","6,155","6,448","6,891","7,818","8,798","9,795","11,140","12,176","14,202","13,232","17,242","13,336","15,347","17,503","2,519",967
"Korea, Rep.",OneDay(thousands),,,,,,,,,,,,,,,,,,,699,955,"1,046","2,258",505,218,279,3,0
"Korea, Rep.",Cruise(thousands),,,,,,,,,,,,,,,,,,,699,955,"1,046","2,258",505,218,279,3,0
Kuwait,Total(thousands),"1,443","1,565","1,638","1,763","1,884","1,944","2,072","2,316","2,602","3,056","3,474","3,899","4,482","4,736","5,088","5,208","5,574","5,729","6,217","6,528","6,941","7,055","7,407","8,508","8,565","2,161","1,606"
Kuwait,Overnight(thousands),72,76,79,77,84,78,73,96,94,91,104,185,293,259,297,207,269,300,307,198,182,203,183,200,153,86,85
Kyrgyz Republic,Total(thousands),,,,290,165,173,199,183,342,398,319,766,"1,656","2,379","2,451","1,224","3,025","3,393","4,134","3,791","4,000","3,853","4,568","6,947","8,508","2,079","3,169"
Kyrgyz Republic,Overnight(thousands),36,42,87,59,48,59,99,140,,,,185,243,304,283,259,337,348,415,413,402,321,421,423,235,69,144
Lao PDR,Total(thousands),346,403,463,500,614,737,674,736,636,895,"1,095","1,215","1,624","1,737","2,008","2,513","2,724","3,330","3,779","4,159","4,684","4,239","3,869","4,186","4,791",886,
Lao PDR,Overnight(thousands),60,93,193,200,259,191,173,215,196,407,672,842,"1,142","1,295","1,239","1,670","1,894","2,291","2,700","3,164","3,543","3,315","3,257","3,770","4,384",812,
Lao PDR,OneDay(thousands),286,310,270,300,355,546,501,521,440,488,423,373,482,442,769,843,830,"1,039","1,079",995,"1,141",924,612,417,407,75,
Latvia,Total(thousands),"1,633","1,750","1,842","1,788","1,738","1,882","2,061","2,297","2,524","3,127","3,791","4,649","5,209","5,496","4,727","5,042","5,538","5,569","5,822","6,246","6,842","6,797","7,726","7,775","8,342","3,204","1,937"
Latvia,Overnight(thousands),539,565,635,576,544,509,591,848,971,"1,079","1,116","1,535","1,653","1,684","1,323","1,373","1,493","1,435","1,536","1,843","2,024","1,793","1,949","1,946","1,935",636,478
Latvia,OneDay(thousands),,"1,148","1,189","1,225","1,174","1,405","1,448","1,425","1,499","1,954","2,658","3,109","3,583","3,812","3,404","3,669","4,045","4,134","4,286","4,403","4,818","5,004","5,777","5,829","6,408","2,568","1,459"
Latvia,Cruise(thousands),,9,20,36,37,36,26,76,79,69,92,89,120,177,181,219,268,,,,254,279,505,800,,,
Lebanon,Overnight(thousands),450,424,558,631,673,742,837,956,"1,016","1,278","1,140","1,063","1,017","1,333","1,844","2,168","1,655","1,366","1,274","1,355","1,518","1,688","1,857","1,964","1,936",414,890
Lesotho,Total(thousands),209,312,313,290,308,302,295,287,329,304,304,357,300,293,344,426,398,423,433,"1,079","1,082","1,196","1,137","1,173","1,142",,279
Lesotho,Overnight(thousands),87,134,144,150,186,,,,,,,347,292,285,320,414,397,317,320,,,,,,,,
Lesotho,OneDay(thousands),122,178,169,140,121,,,,,,,10,8,8,24,11,0.5,106,113,,,,,,,,
Libya,Total(thousands),"1,832","1,276",913,850,965,963,953,858,958,,,125,106,760,,,,,,,,,,,,,
Libya,Overnight(thousands),56,88,50,32,178,174,169,135,142,43,81,42,38,34,,,,,,,,,,,,,
Libya,OneDay(thousands),"1,776","1,188",863,818,787,789,784,723,816,,,84,68,8,,,,,,,,,,,,,
Libya,Cruise(thousands),,,,,,,,,,,,84,68,8,,,,,,,,,,,,,
Lithuania,Total(thousands),"2,600","3,497","3,702","4,287","4,454","4,092","4,195","3,999","3,635",,,,"4,251","4,459","4,001","4,073","4,504","4,979","5,264","5,217","5,048","5,322","5,590","6,115","6,150","2,284","2,096"
Lithuania,Overnight(thousands),650,832,"1,012","1,416","1,422","1,083","1,271","1,428","1,491","1,800","2,000","2,180","1,486","1,611","1,341","1,507","1,775","1,900","2,012","2,063","2,071","2,296","2,523","2,825","2,875",937,948
Lithuania,OneDay(thousands),"1,950","2,665","2,690","2,871","3,032","3,009","2,924","2,571","2,144",,,,"2,765","2,848","2,660","2,566","2,729","3,079","3,252","3,155","2,977","3,026","3,067","3,290","3,275","1,348","1,148"
Lithuania,Cruise(thousands),,,,,4,5,6,8,9,14,24,25,37,32,34,35,22,27,33,58,60,64,75,,,,
Luxembourg,Overnight(thousands),768,724,778,789,863,852,836,885,867,878,913,908,914,877,847,805,874,950,945,"1,038","1,090","1,054","1,046","1,018","1,041",525,756
Madagascar,Total(thousands),115,,,,,,,,,,,,,,,,,,,,282,333,285,360,486,87,8
Madagascar,Overnight(thousands),75,83,101,121,138,160,170,62,139,229,277,312,344,375,163,196,225,256,196,222,244,293,255,291,384,68,8
Madagascar,OneDay(thousands),10,,,,,,,,,,,,,,,,,,,,38,40,30,69,102,19,
Madagascar,Cruise(thousands),10,,,,,,,,,,,,,,,,,,,,38,40,30,69,102,19,
Malawi,Overnight(thousands),192,194,207,220,254,228,266,383,424,427,438,638,735,742,755,746,767,770,795,819,805,849,837,871,978,199,432
Malaysia,Total(thousands),"14,885","14,084","12,591","10,886","13,910","17,213","22,995","20,756","16,293","24,432","24,209","25,298","28,325","25,321","31,509",,,,,,,,,,"35,046","6,102",399
Malaysia,Overnight(thousands),"7,469","7,138","6,211","5,551","7,931","10,222","12,775","13,292","10,577","15,703","16,431","17,547","20,973","22,052","23,646","24,577","24,714","25,033","25,715","27,437","25,721","26,757","25,948","25,832","26,101","4,333",135
Malaysia,OneDay(thousands),"7,416","6,946","6,380","5,335","5,979","6,991","10,219","7,464","5,716","8,729","7,778","7,751","7,352","3,269","7,863",,,,,,,,,,"8,945","1,769",265
Maldives,Overnight(thousands),315,339,366,396,430,467,461,485,564,617,395,602,676,683,656,792,931,958,"1,125","1,205","1,234","1,286","1,390","1,484","1,703",555,"1,322"
Maldives,OneDay(thousands),,,,,,7,5,3,4,4,4,3,6,2,3,0.5,0.2,9,2,,,,,,,,
Maldives,Cruise(thousands),,,,,,7,5,3,4,4,4,3,6,2,3,0.5,0.2,9,2,,,,,,,,
Mali,Overnight(thousands),42,98,75,83,82,86,89,96,110,113,143,153,164,190,160,169,160,134,142,168,159,173,193,203,217,75,168
Malta,Total(thousands),"1,193","1,123","1,238","1,326","1,402","1,387","1,439","1,483","1,512","1,428","1,484","1,521","1,723","1,832","1,608","1,815","1,916","2,007","2,013","2,162","2,383","2,592","2,944","3,232","3,519",718,"1,110"
Malta,Overnight(thousands),"1,116","1,054","1,111","1,182","1,214","1,216","1,180","1,134","1,127","1,156","1,171","1,124","1,244","1,291","1,182","1,339","1,415","1,443","1,582","1,690","1,783","1,966","2,274","2,599","2,753",659,968
Malta,OneDay(thousands),77,69,127,144,188,171,259,349,385,272,314,397,479,542,426,476,501,563,431,472,600,626,670,633,766,59,142
Malta,Cruise(thousands),77,69,127,144,188,171,259,349,385,272,314,397,479,542,426,476,501,563,431,472,600,626,670,633,766,59,142
Marshall Islands,Total(thousands),,,,,,,,,,,,,,,,,,,,,,6.5,7.9,,,2,
Marshall Islands,Overnight(thousands),5.5,6.2,6.4,6.4,4.6,5.2,5.4,6,7.2,9,9.2,5.8,7.2,6,5.4,4.6,4.6,4.6,,4.9,6.3,5.4,6,6.8,6.1,1.2,0.04
Marshall Islands,OneDay(thousands),,,,,,,,,,,,,,,,,,,,,,1.1,1.9,,,0.8,
Marshall Islands,Cruise(thousands),,,,,,,,,,,,,,,,,,,,,,1.1,1.9,,,,
Mauritius,Total(thousands),437,509,558,579,600,678,675,709,721,739,782,807,933,970,890,956,983,984,"1,015","1,065","1,174","1,307","1,371","1,431","1,418",316,180
Mauritius,Overnight(thousands),422,487,536,558,578,656,660,682,702,719,761,788,907,930,871,935,965,965,993,"1,038","1,151","1,275","1,342","1,399","1,383",309,180
Mauritius,OneDay(thousands),15,22,22,21,22,22,14,28,19,20,21,18,26,40,19,22,18,19,22,27,23,32,30,32,35,7,1
Mauritius,Cruise(thousands),6,12,13,13,11,11,6,18,9,9,9,8,9,13,14,9,6,6,9,13,7,11,7,9,13,1,
Mexico,Total(thousands),"85,446","90,394","92,915","95,214","99,869","105,673","100,718","100,153","92,330","99,250","103,146","97,701","93,582","92,948","88,044","81,953","75,732","76,749","78,100","81,042","87,129","94,853","99,349","96,497","97,406","51,128","55,301"
Mexico,Overnight(thousands),"20,241","21,395","19,351","19,392","19,043","20,641","19,810","19,667","18,665","20,618","21,915","21,353","21,606","22,931","22,346","23,290","23,403","23,403","24,151","29,346","32,093","35,079","39,291","41,313","45,024","24,824","31,860"
Mexico,OneDay(thousands),"65,205","68,999","73,564","75,822","80,826","85,032","80,908","80,487","73,664","78,632","81,231","76,348","71,976","70,017","65,698","58,664","52,329","53,346","53,950","51,696","55,035","59,774","60,058","55,184","52,382","26,845","23,441"
Mexico,Cruise(thousands),"1,697","2,142","2,253","2,246","3,048","3,467","3,805","5,136","4,974","6,493","6,707","6,516","6,943","6,491","5,701","6,048","5,289","5,199","4,555","5,785","6,115","6,695","7,681","8,271","9,095","2,580","1,754"
"Micronesia, Fed. Sts.",Overnight(thousands),,18,17,13,16,21,15,19,18,19,19,19,21,26,48,45,35,38,42,35,31,30,,19,18,,
Moldova,Total(thousands),32.8,28.9,21.2,19.9,14.1,19,15.7,20.2,23.6,,,,,,,,,,,,,,,,,,
Moldova,Overnight(thousands),32,29,21,19,14,18,16,18,21,69,67,63,70,73,60,64,75,89,96,94,94,121,145,160,174,29,69
Moldova,OneDay(thousands),1,0.1,,0.5,0.3,0.8,0.2,2,3,,,,,,,,,,,,,,,,,,
Mongolia,Total(thousands),108,71,82,197,160,158,192,235,205,305,345,408,455,469,465,557,627,624,515,506,467,471,543,598,637,67,39
Mongolia,Overnight(thousands),,,,165,155,154,187,229,201,301,339,404,452,446,412,456,460,476,418,393,386,404,469,529,577,59,33
Montenegro,Overnight(thousands),,,,,,,,136,142,188,272,378,984,"1,031","1,044","1,088","1,201","1,264","1,324","1,350","1,560","1,662","1,877","2,077","2,510",351,"1,554"
Morocco,Total(thousands),"2,752","2,856","3,203","3,267","4,088","4,458","4,596","4,709","5,021","5,732","6,077","6,777","7,701","8,209","8,661","9,752","9,784","9,830","10,349","10,507","10,542","10,677","11,540","12,489","13,109","2,802","3,722"
Morocco,Overnight(thousands),"2,602","2,693","3,072","3,095","3,817","4,278","4,380","4,453","4,761","5,477","5,843","6,558","7,408","7,879","8,341","9,288","9,342","9,375","10,046","10,283","10,177","10,332","11,349","12,289","12,932","2,778","3,722"
Morocco,OneDay(thousands),150,163,131,172,271,180,216,255,260,256,233,218,293,330,319,464,442,455,303,224,365,345,191,200,177,24,
Morocco,Cruise(thousands),150,163,131,172,271,180,216,255,260,256,233,218,293,330,319,464,442,455,303,224,365,345,191,200,177,24,
Mozambique,Total(thousands),,,,,,,404,943,726,711,954,"1,095","1,259","1,439","1,711","1,836","2,013","2,206","1,970","1,751","1,634","1,715","1,514","2,870","2,033",959,549
Mozambique,Overnight(thousands),,,,,,,323,541,441,470,578,664,771,"1,193","1,461","1,718","1,902","2,113","1,886","1,661","1,552","1,639","1,447","2,743","2,019",952,492
Mozambique,OneDay(thousands),,,,,,,81,402,285,241,376,431,488,246,250,118,111,93,83,90,82,76,67,127,14,7,57
Myanmar,Overnight(thousands),194,490,491,478,435,416,475,487,597,657,660,630,716,731,763,792,816,"1,059","2,044","3,081","4,681","2,907","3,443","3,551","4,364",903,131
Namibia,Total(thousands),421,560,610,681,694,759,700,799,739,986,856,961,"1,048","1,079","1,100","1,114","1,163","1,245","1,327","1,429","1,488","1,551","1,581","1,639","1,651",187,261
Namibia,Overnight(thousands),272,461,502,614,635,656,670,757,695,716,778,833,929,931,980,984,"1,027","1,079","1,176","1,320","1,388","1,469","1,499","1,557","1,596",170,233
Namibia,OneDay(thousands),149,99,108,67,59,103,30,42,44,,78,127,119,148,120,130,136,166,151,109,100,82,82,82,55,18,29
Nepal,Overnight(thousands),363,394,422,464,492,464,361,275,338,385,375,384,527,500,510,603,736,803,798,790,539,753,940,"1,173","1,197",230,151
Netherlands,Overnight(thousands),"6,574","6,580","7,841","9,312","9,874","10,003","9,500","9,595","9,181","9,646","10,012","10,739","11,008","10,104","9,921","10,883","11,300","11,680","12,783","13,925","15,007","15,828","17,924","18,780","20,129","7,265","6,248"
New Zealand,Total(thousands),"1,409","1,529","1,497","1,485","1,607","1,787","1,909","2,045","2,104","2,334","2,366","2,409","2,455","2,483","2,473","2,530","2,617","2,574","2,710","2,854","3,129","3,494","3,723","3,858","3,888",996,207
New Zealand,Overnight(thousands),,,,"1,475","1,596","1,780","1,900","2,026","2,086","2,325","2,353","2,390","2,434","2,371","2,373","2,435","2,511","2,473","2,629","2,772","3,039","3,370","3,555","3,686","3,702",948,205
New Zealand,OneDay(thousands),,,,10,11,7,9,19,18,9,13,19,21,112,100,95,105,101,81,82,90,124,168,172,186,48,2
New Zealand,Cruise(thousands),,,,10,11,7,9,19,18,9,13,19,21,36,26,19,22,19,35,33,28,30,42,44,56,29,
Nicaragua,Total(thousands),341,388,453,483,530,581,584,579,646,735,804,891,978,"1,011","1,010","1,071","1,122","1,233","1,273","1,390","1,456","1,596","1,958","1,412","1,455",474,312
Nicaragua,Overnight(thousands),281,303,358,406,468,486,483,472,526,615,712,749,800,858,932,"1,011","1,060","1,180","1,229","1,330","1,386","1,504","1,787","1,256","1,295",384,222
Nicaragua,OneDay(thousands),58,84,95,77,62,96,100,107,120,120,92,142,178,153,78,60,61,53,44,61,70,92,171,157,159,90,90
Nicaragua,Cruise(thousands),,,,,,13,10,5,10,7,13,15,21,60,56,37,39,41,32,51,46,63,94,83,86,25,
Niger,Overnight(thousands),35,68,68,41,39,50,52,39,55,57,58,60,48,73,66,74,82,94,123,135,135,152,164,157,192,85,
Nigeria,Total(thousands),"1,031","1,230","1,292","1,357","1,425","1,492","1,753","2,046","2,253","2,646","2,778","3,056","5,239","5,820","6,053","6,113","3,765","4,673","4,038","4,803","6,017","5,265","5,182","5,254","5,361","1,209","1,246"
Nigeria,Overnight(thousands),656,822,611,739,776,813,850,887,924,962,"1,010","1,111","1,212","1,313","1,414","1,555",715,486,600,,"1,255","1,889","1,927","1,966","2,005",502,518
North Macedonia,Overnight(thousands),147,136,121,157,181,224,99,123,158,165,197,202,230,255,259,262,327,351,400,425,486,510,631,707,758,118,294
Norway,Total(thousands),,,,"5,045","5,123","5,121","5,115","4,543","4,686","5,130","5,418","5,738","6,017","6,054","6,114","6,578","6,693",,,,,,,,,,
Norway,Overnight(thousands),"2,880","2,746","2,702","3,256","3,223","3,104","3,073","3,111","3,269","3,628","3,824","4,070","4,377","4,347","4,346","4,767","4,963","4,538","4,778","4,855","5,361","5,960","6,252","5,688","5,879","1,397","1,435"
Norway,OneDay(thousands),,,,"1,789","1,900","2,017","2,042","1,432","1,417","1,502","1,594","1,668","1,640","1,707","1,768","1,811","1,730",,,,,,,,,,
Norway,Cruise(thousands),,,,643,681,770,804,210,254,302,324,355,332,381,430,411,457,588,620,574,511,659,749,852,901,,
Oman,Total(thousands),,,,,,,"1,095","1,112","1,210","1,407","1,101","1,385","1,360","1,540","1,584","1,500","1,393","1,714","1,923","2,225","2,634","3,207","3,178","3,242","3,506",869,652
Oman,Overnight(thousands),279,349,376,424,503,571,829,817,"1,039","1,195",891,"1,066","1,223","1,373","1,521","1,441","1,018","1,241","1,392","1,611","1,909","2,335","2,316","2,301","2,500",622,464
Oman,OneDay(thousands),,,,,,,266,295,171,212,211,319,136,166,64,59,375,473,531,614,725,872,863,941,"1,006",246,188
Oman,Cruise(thousands),,,,,,,,,,,,,,,,,,257,202,127,148,217,222,193,283,110,17
Pakistan,Overnight(thousands),378,369,375,429,432,557,500,498,501,648,798,898,840,823,855,907,"1,161",966,,,,,,,,,
Palau,Overnight(thousands),53,69,74,64,55,58,54,59,63,89,81,82,88,81,71,85,111,120,108,140,162,138,123,106,94,18,
Panama,Total(thousands),417,443,504,529,555,600,737,800,897,"1,004","1,070","1,215","1,428","1,575","1,562","1,726","2,004","2,086","2,202","2,305","2,553","2,379","2,517","2,487","2,494",647,804
Panama,Overnight(thousands),345,362,421,431,457,484,519,534,566,621,702,843,"1,103","1,247","1,200","1,324","1,473","1,606","1,658","1,745","2,110","1,921","1,843","1,785","1,753",414,618
Panama,OneDay(thousands),72,80,83,98,98,116,218,267,331,383,368,372,325,328,362,402,531,480,544,560,443,458,674,702,741,233,186
Panama,Cruise(thousands),13,14,18,30,78,94,196,246,308,356,334,335,283,234,311,331,429,334,374,366,238,218,383,369,365,137,29
Papua New Guinea,Total(thousands),,,,,,,,,,,,,,120,126,146,165,175,182,191,199,198,182,195,211,39,17
Papua New Guinea,Overnight(thousands),42,61,66,67,67,58,54,54,56,59,69,78,104,114,121,140,158,168,174,182,183,179,139,140,160,39,17
Papua New Guinea,OneDay(thousands),,,,,,,,,,,,,,6,5,6,7,7,8,9,16,19,43,55,51,,
Papua New Guinea,Cruise(thousands),,,,,,,,,,,,,,6,5,6,7,7,8,9,16,19,43,55,51,,
Paraguay,Total(thousands),"15,678","12,868","10,955","9,818","6,569","3,924","3,550","3,194","2,859","2,589","2,648","2,830","3,005","3,118","3,183","3,171","3,365","3,655","3,538","3,455","4,102","4,318","4,744","4,183","4,368","1,077",571
Paraguay,Overnight(thousands),438,426,395,350,269,289,279,250,268,309,341,388,416,428,439,465,524,579,610,649,"1,215","1,308","1,584","1,181","1,216",252,95
Paraguay,OneDay(thousands),"15,240","12,442","10,560","9,468","6,300","3,635","3,271","2,944","2,591","2,280","2,307","2,442","2,589","2,690","2,744","2,706","2,841","3,076","2,928","2,806","2,887","3,010","3,160","3,002","3,152",825,476
Peru,Total(thousands),,,,,,,,,,"1,650","1,938","2,227","2,451","2,581","2,681","2,948","3,299","3,642","4,010","4,062","4,381","4,718","4,992","5,384","5,275","1,119",444
Peru,Overnight(thousands),479,584,649,726,694,800,901,"1,064","1,136","1,350","1,571","1,721","1,916","2,058","2,140","2,299","2,598","2,846","3,164","3,215","3,456","3,744","4,032","4,419","4,372",897,444
Peru,OneDay(thousands),,,,3,3,4,4,4,4,300,367,506,535,523,541,649,701,796,847,847,925,974,960,965,903,222,
Peru,Cruise(thousands),,,,3,3,4,4,4,4,7,8,60,60,75,71,79,41,80,63,61,62,59,36,16,4,2,
Philippines,Overnight(thousands),"1,760","2,049","2,223","2,149","2,171","1,992","1,797","1,933","1,907","2,291","2,623","2,843","3,092","3,139","3,017","3,520","3,917","4,273","4,681","4,833","5,361","5,967","6,621","7,168","8,261","1,483",164
Philippines,OneDay(thousands),4,10,18,30,18,7,4,5,5,8,2,4,17,21,21,25,8,11,16,60,70,72,114,228,162,25,
Philippines,Cruise(thousands),4,10,18,30,18,7,4,5,5,8,2,4,17,21,21,25,8,11,16,60,70,72,114,228,162,25,
Poland,Total(thousands),"82,244","87,439","87,817","88,592","89,118","84,515","61,431","50,735","52,130","61,918","64,606","65,115","66,208","59,935","53,840","58,340","60,745","67,390","72,310","73,750","77,743","80,476","83,804","85,946","88,515","51,076","51,026"
Poland,Overnight(thousands),"19,215","19,410","19,520","18,780","17,950","17,400","15,000","13,980","13,720","14,290","15,200","15,670","14,975","12,960","11,890","12,470","13,350","14,840","15,800","16,000","16,728","17,471","18,258","19,622","21,158","8,418","9,722"
Poland,OneDay(thousands),"63,029","68,029","68,297","69,812","71,168","67,115","46,431","36,755","38,410","47,628","49,406","49,445","51,233","46,975","41,950","45,870","47,395","52,550","56,510","57,750","61,015","63,005","65,546","66,324","67,357","42,658","41,304"
Portugal,Total(thousands),"23,066","23,252","24,244","26,560","27,016","28,014","28,150","27,194","27,532","21,165","21,173","22,588",,,,,,,,,,,,,,,
Portugal,Overnight(thousands),"9,511","9,730","10,172","11,295","11,632","12,097","12,167","11,644","11,707","10,639","10,612","11,282","6,788","6,962","6,439","6,756","7,264","7,503","9,177","10,497","11,723","13,359","15,432","16,186","17,283","4,208","6,345"
Portugal,OneDay(thousands),"13,340","13,301","13,842","15,030","15,120","15,691","15,814","15,389","15,535","10,526","10,561","11,306",,,,,,,,,,,,,,,
Portugal,Cruise(thousands),215,221,230,235,264,226,169,161,290,,,,,,,,,,,,,,,,,,
Puerto Rico,Total(thousands),"4,087","4,110","4,350","4,671","4,221","4,566","4,908","4,364","4,402","4,889","5,073","5,022","5,062","5,213","4,415","4,379","4,214","4,197","4,210","4,456","5,051","5,003","4,927","4,260","4,931","3,882","2,755"
Puerto Rico,Overnight(thousands),"3,131","3,065","3,242","3,396","3,024","3,341","3,551","3,087","3,238","3,541","3,686","3,722","3,687","3,716","3,183","3,186","3,048","3,069","3,172","3,246","3,542","3,736","3,513","3,068","3,180","2,617","2,755"
Puerto Rico,OneDay(thousands),956,"1,045","1,108","1,275","1,198","1,225","1,357","1,277","1,164","1,348","1,387","1,300","1,375","1,497","1,232","1,194","1,166","1,128","1,038","1,210","1,509","1,267","1,414","1,192","1,751","1,265",0
Puerto Rico,Cruise(thousands),956,"1,045","1,106","1,266","1,196","1,221","1,357","1,276","1,164","1,348","1,387","1,300","1,375","1,497","1,232","1,194","1,166","1,128","1,038","1,210","1,509","1,267","1,414","1,192","1,751","1,265",0
Qatar,Total(thousands),,,,,,,,,,,,,,,"1,482","1,700","2,057","2,324","2,612","2,839","2,941","2,938","2,256","1,819","2,137",582,611
Qatar,Overnight(thousands),309,327,333,320,357,378,376,587,557,732,913,946,964,"1,405",,,,,,,,,,,,,
Romania,Total(thousands),"5,445","5,205","5,149","4,831","5,224","5,264","4,938","4,794","5,595","6,600","5,839","6,037","7,722","8,862","7,575","7,498","7,611","7,937","8,019","8,442","9,331","10,223","10,926","11,720","12,815","5,023","6,789"
Romania,Overnight(thousands),"2,757","3,028","2,957","2,966","3,209","3,274",,,,,,,,,,,,,,,,,,,,,
Romania,OneDay(thousands),"2,672","2,177","2,192","1,865","2,015","1,990",,,,,,,,,,,,,,,,,,,,,
Russian Federation,Total(thousands),"10,290","16,208","17,463","16,188","18,820","21,169","21,595","23,309","22,521","22,064","22,201","22,486","22,909","23,676","21,339","22,281","24,932","28,177","30,792","32,421","33,729","24,571","24,390","24,551","24,419","6,359",
Russian Federation,Overnight(thousands),,,,,,,"19,457","21,279","20,443","19,892","19,940",,,,,,,,,,,,,,,,
Russian Federation,OneDay(thousands),,,,,,,664,677,698,827,831,573,"1,149","1,252","1,247","1,196","1,269","1,351","1,486",,"1,670",,,,,,
Russian Federation,Cruise(thousands),,,,,,,175,153,213,280,333,573,"1,149","1,252","1,247","1,196","1,269","1,351","1,486",,"1,670",,,,,,
Rwanda,Total(thousands),,,,,,,,,,,,531,610,669,664,667,908,"1,061","1,122","1,220","1,298","1,377","1,570","1,711","1,634",497,511
Rwanda,Overnight(thousands),,,,,,104,113,,,,,494,567,607,603,605,835,987,"1,046","1,140","1,217","1,292","1,482","1,619","1,544",460,480
Rwanda,OneDay(thousands),,,,,,,,,,,,37,43,62,61,62,73,74,76,80,81,85,88,92,90,27,30
Samoa,Total(thousands),,,,,,,,,,,,116,122,122,129,130,128,135,125,132,139,146,158,172,181,24,3
Samoa,Overnight(thousands),68,73,68,78,85,88,88,89,92,98,102,110,117,118,122,122,121,126,116,120,128,134,146,164,172,23,3
Samoa,OneDay(thousands),,,,,,,,,,,,6,5,4,7,8,7,9,9,11,11,12,11,8,9,1,
San Marino,Total(thousands),"3,368","3,345","3,308","3,264","3,148","3,071","3,036","3,102","2,882","2,812","2,107","2,136","2,164","2,112","2,056","1,976","2,038","1,869","1,905","2,004","1,888","2,000","1,937","1,874","1,904","1,015","1,354"
San Marino,Overnight(thousands),28,30,28,36,34,43,49,46,41,42,50,50,69,115,151,120,156,139,71,75,54,60,78,84,111,58,94
San Marino,OneDay(thousands),,,,,,,,,,,"2,057","2,086","2,095","1,997","1,905","1,856","1,882","1,730","1,834","1,929","1,834","1,940","1,859","1,790","1,793",957,"1,260"
San Marino,Cruise(thousands),,,,,,,,,,,,,,,,,4,4,3,1,1,1,1,,,,
São Tomé and Príncipe,Overnight(thousands),6.2,6.4,4.8,5.6,5.8,7.1,7.5,9.2,10,10.6,15.8,12.3,11.8,14.5,15.2,8,12.2,,,,25.6,28.9,28.9,33.4,34.9,10.7,15.1
Saudi Arabia,Total(thousands),"4,398",,,,,,,,,"11,083","10,417","10,962","13,479","17,717","13,319","13,025","15,776","19,847","19,934","23,010","21,834","20,887","18,607","17,570","20,292","4,882","3,869"
Saudi Arabia,Overnight(thousands),"3,325",,,,,"6,585","6,727","7,511","7,332","8,599","8,037","8,620","11,531","14,757","10,897","10,850","14,179","16,332","15,772","18,260","17,994","18,044","16,109","15,334","17,526","4,138","3,477"
Saudi Arabia,OneDay(thousands),,,,,,,,,,"2,484","2,380","2,342","1,948","2,960","2,422","2,175","1,597","3,515","4,162","4,750","3,840","2,843","2,498","2,236","2,767",744,392
Senegal,Total(thousands),,,,,,,,,502,677,779,876,879,877,815,906,977,967,"1,069",976,"1,014","1,219","1,376",,,,
Senegal,Overnight(thousands),280,282,314,352,369,389,396,427,495,667,769,866,875,867,810,900,968,962,"1,063",963,"1,007","1,210","1,365",,,,
Senegal,OneDay(thousands),6,6,6,13,9,11,13,7,7,10,9,10,4,10,5,6,9,5,6,13,8,9,11,,,,
Senegal,Cruise(thousands),6,6,6,13,9,11,13,7,7,10,9,10,4,10,5,6,9,5,6,13,8,9,11,,,,
Serbia,Overnight(thousands),,,,,,,,312,339,392,453,469,696,646,645,683,764,810,922,"1,029","1,132","1,281","1,497","1,711","1,847",446,871
Seychelles,Total(thousands),127,142,136,134,130,140,138,135,127,126,135,151,171,173,178,191,210,216,237,239,296,333,382,405,428,125,183
Seychelles,Overnight(thousands),121,131,130,128,125,130,130,132,122,121,129,141,161,159,158,175,194,208,230,233,276,303,350,362,384,115,183
Seychelles,OneDay(thousands),6,11,6,6,5,10,8,3,5,5,6,10,10,14,20,16,16,8,7,6,20,30,32,43,44,20,
Seychelles,Cruise(thousands),6,11,6,6,5,10,8,3,5,5,6,10,10,14,20,16,16,8,7,6,20,30,32,43,44,20,
Sierra Leone,Total(thousands),,,,,,,,,,,,,,,,,,75,95,53,31,60,59,66,71,26,44
Sierra Leone,Overnight(thousands),14,22,8,13,11,16,24,28,38,44,40,34,32,36,37,39,52,60,81,44,24,55,51,57,63,24,40
Sierra Leone,OneDay(thousands),,,,,,,,,,,,,,,,,,15,14,9,7,5,8,9,8,2,4
Sierra Leone,Cruise(thousands),,,,,,,,,,,,,,,,,,1,2,1,2,2,2,2,3,1,2
Singapore,Total(thousands),"7,137","7,292","7,198","6,242","6,958","7,691","7,522","7,567","6,127","8,329","8,943","9,751","10,285","10,116","9,683","11,642","13,171","14,496","15,568","15,095","15,232","16,403","17,425","18,508","19,116","2,742",330
Singapore,Overnight(thousands),"6,070","6,048","5,894","5,122","5,604","6,062","5,857","5,855","4,703","6,553","7,079","7,588","7,957","7,778","7,488","9,161","10,390","11,098","11,899","11,864","12,052","12,913","13,903","14,673","15,119","2,086",325
Singapore,OneDay(thousands),"1,067","1,244","1,304","1,120","1,354","1,629","1,665","1,712","1,424","1,776","1,864","2,163","2,328","2,338","2,194","2,481","2,781","3,398","3,669","3,231","3,180","3,490","3,521","3,835","3,997",657,5
Slovak Republic,Total(thousands),,,,,,,,,,,,,,,,,,,"12,583","11,556","14,936","17,376","15,406","15,299","16,086",,
Slovak Republic,Overnight(thousands),903,951,814,896,975,"1,053","1,219","1,399","1,387","1,401","1,515","1,612","1,685","1,767","1,298","1,327","1,460","1,528","4,291","3,998","4,869","5,734","5,546","5,453","5,630",,
Slovak Republic,OneDay(thousands),,,,,,,,,,,,,,,,,,,"8,292","7,558","10,067","11,642","9,860","9,846","10,456",,
Slovenia,Total(thousands),"63,674","71,876","76,568","65,587","60,009","63,580","61,878","60,031","59,388","63,013","60,230","58,274","61,293",,,,,,,,,,,,,,
Slovenia,Overnight(thousands),732,832,974,977,884,"1,090","1,219","1,302","1,373","1,499","1,555","1,617","1,751","1,958","1,824","2,049","2,236","2,377","2,502","2,675","3,022","3,397","3,991","4,425","4,702","1,216","1,832"
Solomon Islands,Overnight(thousands),12,10,14,16,,5,,,7,6,9,12,14,16,18,21,23,24,24,20,22,23,26,28,29,4,0.7
South Africa,Total(thousands),"4,684","5,186","5,170","5,898","6,026","6,001","5,908","6,550","6,640","6,815","7,518","8,509","9,208","9,729","9,532","11,303","12,097","13,069","14,318","14,530","13,952","15,121","14,975","15,004","14,797","3,887","2,664"
South Africa,Overnight(thousands),"4,488","4,915","4,976","5,732","5,890","5,872","5,787","6,430","6,505","6,678","7,369","8,396","9,091","9,592","7,012","8,074","8,339","9,188","9,537","9,549","8,904","10,044","10,285","10,472","10,228","2,802","2,256"
South Africa,OneDay(thousands),,,,,,,,,,,,,,,"2,520","3,229","3,758","3,881","4,781","4,980","5,048","5,077","4,690","4,532","4,569","1,084",408
Spain,Total(thousands),"52,460","55,077","62,415","68,068","72,040","74,580","75,564","79,313","82,326","85,981","92,563","96,152","98,907","97,670","91,899","93,744","99,187","98,128","103,231","107,144","109,834","115,561","121,717","124,456","126,170","36,410","51,631"
Spain,Overnight(thousands),"32,971","34,027","39,553","41,892","45,440","46,403","48,565","50,331","50,854","52,430","55,914","58,004","58,666","57,192","52,178","52,677","56,177","57,464","60,675","64,939","68,175","75,315","81,869","82,808","83,509","18,933","31,181"
Spain,OneDay(thousands),"19,489","21,050","22,862","26,176","26,599","28,177","26,998","28,983","31,472","33,551","36,649","38,148","40,241","40,478","39,722","41,067","43,010","40,664","42,555","42,206","41,659","40,246","39,849","41,647","42,661","17,477","20,450"
Spain,Cruise(thousands),,,,,,,,,,,,,,,,,,,,,,"3,047","2,924","3,085","3,564",,479
Sri Lanka,Total(thousands),414,315,384,409,465,445,397,457,583,681,669,689,592,526,538,766,976,"1,133","1,415","1,665","1,993","2,168","2,248","2,521","2,027",540,195
Sri Lanka,Overnight(thousands),403,302,366,381,436,400,337,393,501,566,549,560,494,438,448,654,856,"1,006","1,275","1,527","1,798","2,051","2,116","2,334","1,914",508,194
Sri Lanka,OneDay(thousands),11,13,18,28,28,45,60,64,82,115,120,129,98,88,90,112,120,127,140,138,195,117,131,187,113,32,0.6
Sudan,Overnight(thousands),29,38,30,36,39,38,50,52,52,61,246,328,436,440,420,495,536,575,591,684,741,800,813,836,,,
Suriname,Total(thousands),69,74,78,70,72,72,68,,100,,,154,167,151,151,206,221,240,250,253,229,257,279,,,,
Suriname,Overnight(thousands),43,53,61,55,57,57,54,60,82,138,161,154,167,151,151,205,220,240,249,252,228,256,278,,,,
Suriname,OneDay(thousands),26,21,17,15,15,15,14,,17,,,0.3,0.4,0.3,0.3,0.5,0.3,0.3,0.7,0.8,0.8,0.9,0.9,,,,
Suriname,Cruise(thousands),26,21,17,15,15,15,14,,17,,,,,,,,,,,,,,,,,,
Sweden,Total(thousands),,,,,,,"7,432","7,457","7,627",,,,,,,,"19,405","20,011","18,803","19,945",,,,,,,
Sweden,Overnight(thousands),"2,310","2,376","2,388","2,573","2,595","3,828","4,108","4,276","4,268","4,676","4,883","4,729","5,224","4,555","4,899","5,183","11,567","12,372","10,980","10,522","6,482","6,782","7,054","7,440","7,616","1,957","2,990"
Sweden,OneDay(thousands),,,,,,,,,,,,,,,,,"7,838","7,639","7,823","9,423",,,,,,,
Sweden,Cruise(thousands),,,,,,,,,,,,,,,,,223,335,443,467,,,,,,,
Switzerland,Overnight(thousands),"6,946","6,730","7,039","7,185","7,154","7,821","7,455","6,868","6,530",,"7,229","7,863","8,448","8,608","8,294","8,628","8,534","8,566","8,967","9,158","9,305","10,402","11,133","11,715","11,818","3,690","4,390"
Syrian Arab Republic,Total(thousands),"2,253","2,435","2,332","2,464","2,682","3,412","3,671","4,678","4,837","6,334","5,859","5,682","5,434","6,951","7,721","10,970","6,476",,,,,"1,043","1,291","1,802","2,424",479,661
Syrian Arab Republic,Overnight(thousands),815,830,891,"1,267","1,386","2,100","2,192","2,661","2,598","3,399","3,571","4,231","4,158","5,430","6,092","8,546","5,070",,,,,,,,,,
Syrian Arab Republic,OneDay(thousands),10,9,10,11,"1,296","1,312","1,479","2,017","2,239","2,935","2,288","1,451","1,276","1,521","1,629","2,424","1,406",,,,,,,,,,
Syrian Arab Republic,Cruise(thousands),10,9,10,11,12,9,,,,,,,,,,,,,,,,,,,,,
"Taiwan, China",Total(thousands),"2,332","2,358","2,372","2,299","2,411","2,624","2,831","2,978","2,248","2,950","3,378","3,520","3,716","3,845","4,395","5,567","6,087","7,311","8,016","9,910","10,440","10,690","10,740","11,067","11,864","1,378",140
Tajikistan,Total(thousands),,0.7,2.1,3.2,4.5,7.7,5.2,,,,,,,325,207,160,183,244,208,213,414,344,431,"1,035","1,257",351,296
Tajikistan,Overnight(thousands),,,,,1.6,3.8,3.5,,,,,,,,,,,,,,,,,,,,
Tajikistan,OneDay(thousands),,,,,2.9,3.9,1.7,,,,,,,,,,,,,,,,,,,,
Thailand,Total(thousands),,"7,434","7,530","8,204","9,151","10,096","10,751",,,,,,,,,,,,,,,,,,,,
Thailand,Overnight(thousands),"6,952","7,244","7,294","7,843","8,651","9,579","10,133","10,873","10,082","11,737","11,567","13,822","14,464","14,584","14,150","15,936","19,230","22,354","26,547","24,810","29,923","32,530","35,592","38,178","39,916","6,702",428
Thailand,OneDay(thousands),,189,236,361,500,517,618,,,,,,,,,,,,,,,,,,,,
Timor-Leste,Overnight(thousands),,,,,,,,,,,,14,22,36,44,40,51,58,79,60,62,66,74,75,81,18,6
Togo,Overnight(thousands),53,58,92,69,70,60,57,58,61,83,81,94,86,74,150,202,300,235,327,282,273,338,514,573,876,482,
Togo,OneDay(thousands),,,,,,,,,,,,,,,,,,,2,0.9,1,1,1,,,,
Tonga,Total(thousands),33,31,29,35,44,43,38,45,51,51,60,54,65,65,75,65,68,57,60,66,73,87,87,77,94,12,
Tonga,Overnight(thousands),29,27,26,27,31,35,32,37,40,41,42,39,46,50,46,47,46,47,48,50,54,59,63,54,67,9,0.2
Tonga,OneDay(thousands),4,4,3,8,13,8,6,8,11,10,18,15,19,15,29,18,22,10,12,15,19,28,24,23,27,3,
Tonga,Cruise(thousands),4,4,3,8,13,8,6,8,11,10,18,15,19,15,29,18,22,10,12,15,19,28,24,23,27,3,
Trinidad and Tobago,Total(thousands),282,317,360,377,421,503,468,451,474,501,529,534,531,482,534,490,491,504,467,455,519,492,465,501,480,141,
Trinidad and Tobago,Overnight(thousands),260,266,324,334,358,399,383,384,409,443,463,461,449,437,419,388,431,455,434,412,440,409,395,375,389,95,41
Trinidad and Tobago,OneDay(thousands),22,51,36,43,63,104,85,67,65,58,66,73,82,45,115,102,60,49,33,43,79,83,70,126,91,46,
Trinidad and Tobago,Cruise(thousands),22,51,36,43,63,104,85,67,65,58,66,73,82,45,115,102,60,49,33,43,79,83,70,126,91,46,
Tunisia,Total(thousands),"4,186","3,986","4,392","4,831","5,000","5,244","5,663","5,322","5,492","6,419","6,975","7,176","7,512","7,750","8,507","8,640","6,038",,,,,,,,,,
Tunisia,Overnight(thousands),"4,120","3,885","4,263","4,718","4,832","5,058","5,387","5,064","5,114","5,998","6,378","6,550","6,762","7,050","7,797","7,828","5,746","6,999","7,352","7,163","5,359","5,724","7,052","8,299","9,429","2,012","2,475"
Tunisia,OneDay(thousands),66,101,129,113,168,186,276,258,378,421,597,626,750,700,710,812,292,,,,,,,,,,
Tunisia,Cruise(thousands),66,101,129,113,168,186,276,258,378,421,597,626,750,700,710,812,292,,,,,,,,,,
Türkiye,Total(thousands),"7,727","8,614","9,689","9,753","7,487","10,428","11,619","13,256","14,030","17,517","21,125","19,820","27,215","31,138","31,760","32,997","36,769","37,715","39,861","41,627","41,114","30,907","37,970","46,113","51,747","15,971","30,039"
Türkiye,Overnight(thousands),"7,083","7,966","9,040","8,960","6,893","9,586","10,783","12,790","13,341","16,826","20,273","18,916","26,122","29,792","30,187","31,364","34,654","35,698","37,795","39,811","39,478","30,289","37,601","45,768","51,192","15,894","29,925"
Türkiye,OneDay(thousands),644,648,649,793,594,842,836,466,689,691,852,903,"1,093","1,346","1,573","1,633","2,115","2,017","2,066","1,816","1,636",618,369,345,555,77,114
Uganda,Overnight(thousands),160,174,175,195,189,193,205,254,305,512,468,539,642,844,807,946,"1,151","1,197","1,206","1,266","1,303","1,323","1,402","1,506","1,543",473,513
Ukraine,Total(thousands),"6,127","6,750","14,743","12,003","10,990","11,691","11,877","12,793","15,161","18,583","20,489","21,714","26,162","28,827","24,033","24,114","24,535","25,061","26,025","13,227","13,025","13,734","14,579","14,342","13,710","3,382","4,272"
Ukraine,Overnight(thousands),"3,716","3,854","7,558","6,208","4,232","6,431","9,174","10,517","12,514","15,629","17,631","18,936","23,122","25,449","20,798","21,203","21,415","23,013","24,671","12,712","12,428","13,333","14,230","14,104","13,438","3,141","3,973"
Ukraine,OneDay(thousands),"2,411","2,896","7,185","5,795","6,758","5,260","2,703","2,276","2,647","2,954","2,858","2,778","3,040","3,378","3,235","2,911","3,120","2,048","1,354",516,597,401,349,238,273,241,299
Ukraine,Cruise(thousands),73,70,47,64,65,68,58,61,91,36,35,38,,,,,,,,,,,,,,,
United Arab Emirates,Total(thousands),,,,,,,,,,,,,,,,,,,,,"19,313","20,894","21,805","23,092","25,282","8,084","12,784"
United Arab Emirates,Overnight(thousands),"2,315","2,572","2,476","2,991","3,393","3,907","4,134","5,445","5,871","6,195","7,126",,,,,,,,,"16,232","16,842","18,143","19,168","20,214","21,561","7,165","11,479"
United Arab Emirates,OneDay(thousands),,,,,,,,,,,,,,,,,,,,,"2,471","2,751","2,637","2,878","3,721",919,"1,305"
United Arab Emirates,Cruise(thousands),,,,,,,,,,,,,,,,,,,,,58,54,50,50,48,40,26
United Kingdom,Total(thousands),"23,537","25,163","25,515","25,745","25,394","25,209","22,835","24,180","24,715","27,755","29,970","32,713","32,778","31,888","31,072","30,398","31,886","32,221","33,567","35,337","36,792","39,129","41,080","40,283","40,857","11,101","6,384"
United Kingdom,Overnight(thousands),"21,719","22,936","23,215","23,710","23,341","23,212","20,982","22,307","22,787","25,678","28,039","30,654","30,870","30,142","29,357","28,911","30,384","30,411","31,946","33,604","35,149","37,358","39,543","38,664","39,418","10,714","6,287"
United Kingdom,OneDay(thousands),"1,818","2,227","2,300","2,035","2,053","1,997","1,853","1,873","1,928","2,077","1,931","2,059","1,908","1,746","1,715","1,487","1,502","1,810","1,621","1,733","1,643","1,771","1,538","1,619","1,439",387,97
United States,Total(thousands),"79,732","82,756","82,525","74,767","75,796","78,343","70,975","64,434","62,082","67,606","71,484","183,178","175,299","175,703","160,508","162,275","147,271","171,630","179,310","178,311","176,865","175,261","174,292","169,325","165,478","44,792","66,594"
United States,Overnight(thousands),"43,318","46,489","47,767","46,377","48,689","51,238","46,927","43,581","41,218","46,086","49,206","50,977","56,135","58,007","55,103","60,010","63,477","66,967","71,643","75,379","77,774","76,407","77,187","79,746","79,442","19,212","22,100"
United States,OneDay(thousands),"36,414","36,267","34,758","28,390","27,107","27,105","24,048","20,853","20,864","21,520","22,278","132,201","119,164","117,696","105,405","102,265","83,794","104,663","107,667","102,932","99,091","98,854","97,105","89,579","86,036","25,580","44,493"
Uruguay,Total(thousands),"2,177","2,258","2,463","2,324","2,273","2,236","2,136","1,354","1,508","1,871","1,917","1,824","1,815","2,255","2,303","2,708","3,244","3,155","3,242","3,195","3,286","3,632","4,219","3,954","3,480",,234
Uruguay,Overnight(thousands),"2,022","2,152","2,316","2,163","2,073","1,968","1,892","1,258","1,420","1,756","1,808","1,749","1,753","1,938","2,055","2,353","2,857","2,695","2,683","2,682","2,773","3,037","3,674","3,469","3,059",,
Uruguay,OneDay(thousands),155,106,147,161,200,268,245,95,88,115,109,75,62,317,248,355,387,460,559,513,513,595,545,485,421,,
Uruguay,Cruise(thousands),,,,,,,64,,,,,,,257,206,300,284,319,428,385,321,305,278,242,260,,
Uzbekistan,Total(thousands),92,173,960,811,487,302,345,332,231,262,242,560,903,"1,069","1,215",975,"1,393","1,895","1,969","1,862","1,918","2,027","2,690","5,346","6,749","1,504","1,881"
Vanuatu,Total(thousands),82,103,81,78,96,106,106,99,102,99,126,154,167,197,226,238,249,321,357,329,287,352,333,350,256,82,
Vanuatu,Overnight(thousands),44,46,50,52,51,58,53,49,50,61,62,68,81,91,101,97,94,108,110,109,90,95,109,116,121,22,
Vanuatu,OneDay(thousands),38,57,31,26,45,48,53,50,52,38,64,86,86,106,125,141,155,213,247,220,197,256,224,235,135,60,
Vanuatu,Cruise(thousands),37,56,30,25,45,48,53,50,52,38,64,86,86,106,125,141,155,213,247,220,197,256,224,235,135,60,
"Venezuela, RB",Total(thousands),879,960,933,813,702,602,792,590,435,618,846,883,898,702,567,535,625,"1,061","1,085",967,882,681,429,,,,
"Venezuela, RB",Overnight(thousands),700,759,814,685,587,469,584,432,337,486,706,748,756,699,562,526,595,988,986,857,789,601,427,,,,
"Venezuela, RB",OneDay(thousands),179,201,119,128,115,133,208,158,98,132,140,135,142,3,5,9,30,73,99,110,93,80,2,,,,
"Venezuela, RB",Cruise(thousands),,,,,115,133,208,158,98,132,140,135,142,3,5,9,30,73,99,110,93,80,2,,,,
Vietnam,Total(thousands),"1,351","1,607","1,716","1,520","1,782","2,140","2,330","2,628","2,429","2,928","3,477","3,583","4,229","4,236","3,747","5,050","6,014","6,848","7,572","7,874","7,944","10,013","12,922","15,498","18,009","3,837",157
Vietnam,Overnight(thousands),,975,"1,114",978,"1,211","1,383","1,599",,,,,,,,,,,,"7,201","7,488","7,555",,,,,,
Vietnam,OneDay(thousands),,632,602,542,571,757,731,309,241,263,200,224,225,152,66,50,46,,371,386,389,,,,,,
Vietnam,Cruise(thousands),,162,131,157,188,256,285,309,241,263,200,224,225,152,66,50,46,286,193,48,170,285,259,215,264,114,
"Yemen, Rep.",Total(thousands),,,,,,,,,,,,,,,,"1,035","1,175","1,282","1,323","1,218",398,,,,,,
"Yemen, Rep.",Overnight(thousands),61,74,80,88,58,73,76,98,155,274,336,"1,061",948,"1,023","1,028","1,025",829,874,990,"1,018",367,,,,,,
"Yemen, Rep.",OneDay(thousands),,,,,,,,,,,,,,,,10,346,408,333,200,32,,,,,,
Zambia,Overnight(thousands),163,264,341,362,404,457,492,565,413,515,669,757,897,812,710,815,920,859,915,947,932,956,"1,009","1,072","1,266",502,554
Zimbabwe,Total(thousands),"1,416","1,597","1,336","2,090","2,250","1,967","2,217","2,041","2,256","1,854","1,559","2,287","2,506","1,956","2,017","2,239","2,423","1,794","1,833","1,880","2,057","2,168","2,423","2,580","2,294",639,381
Zimbabwe,Overnight(thousands),"1,363","1,577","1,281","1,986","2,101","1,868","2,068",,,,,,,,,,,,,,,,,,,,
Zimbabwe,OneDay(thousands),53,20,55,104,149,99,149,,,,,,,,,,,,,,,,,,,,
